{
  "tree": {
    "nodeName": "OLT-JETAK",
    "type": "olt",
    "label": "OLT-JETAK",
    "status": "online",
    "children": [
      {
        "nodeName": "PON-1",
        "type": "pon",
        "label": "PON-1",
        "status": "online",
        "children": [
          {
            "nodeName": "ONU01/01",
            "type": "onu",
            "label": "ONU01/01",
            "mac": "78:c1:a7:28:46:bf",
            "rx_power": "-inf",
            "status": "offline"
          },
          {
            "nodeName": "ONU01/02",
            "type": "onu",
            "label": "ONU01/02",
            "mac": "b4:15:13:21:ad:5d",
            "rx_power": "-inf",
            "status": "offline"
          },
          {
            "nodeName": "ONU01/03",
            "type": "onu",
            "label": "ONU01/03",
            "mac": "44:22:95:a1:c8:b8",
            "rx_power": "-inf",
            "status": "offline"
          }
        ]
      }
    ]
  }
}
